{
  "ans1": [
    [
      1.1,
      2.2,
      3.3
    ],
    [
      4.4,
      5.5,
      6.6
    ]
  ],
  "ans2": null,
  "ans3": [
    {
      "real": 1.0,
      "imag": 2.0
    },
    {
      "real": 3.0,
      "imag": 4.0
    },
    {
      "real": 5.0,
      "imag": 6.0
    },
    {
      "real": 7.0,
      "imag": 8.0
    }
  ],
  "ans4": [
    [
      [
        1,
        5
      ],
      [
        3,
        7
      ]
    ],
    [
      [
        2,
        6
      ],
      [
        4,
        8
      ]
    ]
  ],
  "ans5": [
    1.100000023841858,
    2.200000047683716,
    3.299999952316284,
    4.400000095367432,
    5.5
  ]
}